hotel_id,city,hotel_name,url,property_type,score,number_of_reviews,price_per_night,price_per_person_night,currency,price_total_source,currency_source,nights,max_guests,latitude,longitude,avg_weather_score,temp_avg,rain,clouds,weather_score_norm,hotel_score_norm,price_score_norm,final_score,facilities,image_url,rank
12374468,Aix en Provence,La Villa Rustica,https://www.booking.com/hotel/fr/la-villa-rustica.html?checkin=2025-12-11&checkout=2025-12-13&group_adults=2&no_rooms=1&group_children=&chal_t=1762887750037&force_referer=,HOLIDAY_HOME,9.8,66,101.08,25.27,EUR,234.0,USD,2.0,4.0,43.5587933,5.4488615,76.33,13.0,0.0,59.155556,7.633,9.8,9.473,8.8678,"Non-smoking rooms, Free Wifi, Free parking, Terrace, Garden",https://cf.bstatic.com/xdata/images/hotel/square60/588123071.jpg?k=beb76014429052f24ba50b1959a8a71681232a1bbf653ca4e17715c2a784e0da&o=,1
12906801,Bormes les Mimosas,La Favière proche de la plage,https://www.booking.com/hotel/fr/la-faviere-proche-de-la-plage.html?checkin=2025-12-11&checkout=2025-12-13&group_adults=2&no_rooms=1&group_children=,APARTMENT,9.5,12,104.54,26.13,EUR,242.0,USD,2.0,4.0,43.12345,6.35285,76.0,13.0,0.0,50.025,7.6,9.5,9.387,8.7174,"Non-smoking rooms, Free Wifi, Beachfront, Free parking, Non-smoking rooms",https://cf.bstatic.com/xdata/images/hotel/square60/615375893.jpg?k=104f7344be729697daa231ed96bbc8ab4c98218ff4365d53d68cfafa7baf035f&o=,2
14306848,Bormes les Mimosas,Romantic getaway in Bormes,https://www.booking.com/hotel/fr/romantic-getaway-in-bormes.html?checkin=2025-12-11&checkout=2025-12-13&group_adults=2&no_rooms=1&group_children=,APARTMENT,9.5,12,128.73,32.18,EUR,298.0,USD,2.0,4.0,43.150652,6.3411229,76.0,13.0,0.0,50.025,7.6,9.5,8.782,8.5964,"Non-smoking rooms, Free Wifi, Non-smoking rooms, Free Wifi",https://cf.bstatic.com/xdata/images/hotel/square60/766197621.jpg?k=04b07145b348d39e7237101a1f0e9c668de721a759918a3e8c9a5c5f24a3a522&o=,3
7618701,Avignon,Apartment-NO elevator-Free private parking-Self check in !! Appartement-PAS ascenseur-Parking privé gratuit-Arrivée autonome!!,https://www.booking.com/hotel/fr/intramuros-parking-prive-wifi-smarttv50.html?checkin=2025-12-11&checkout=2025-12-13&group_adults=2&no_rooms=1&group_children=,APARTMENT,9.6,158,107.99,27.0,EUR,250.0,USD,2.0,4.0,43.95092289445271,4.818413211967911,71.83,12.9,0.0,52.477778,7.183,9.6,9.3,8.5732,"Free Wifi, Free parking, Free Wifi, Free parking",https://cf.bstatic.com/xdata/images/hotel/square60/690648133.jpg?k=ca13cf0daebddd074ef7e1856814da04ddc0c84a975c61c87db06684b37e582e&o=,4
2682936,Avignon,L'Oriflamme,https://www.booking.com/hotel/fr/sutdio-quot-l-39-oriflamme-quot.html?checkin=2025-12-11&checkout=2025-12-13&group_adults=2&no_rooms=1&group_children=,APARTMENT,9.5,431,58.75,29.37,EUR,136.0,USD,2.0,2.0,43.9496041,4.81154160000006,71.83,12.9,0.0,52.477778,7.183,9.5,9.063,8.485800000000001,"Non-smoking rooms, Free Wifi, Free parking, Family rooms, Non-smoking rooms",https://cf.bstatic.com/xdata/images/hotel/square60/253428187.jpg?k=b433b87ce10eb39834c76a147ef00e7196421ef4174a6dec36aad5e2f6b7f158&o=,5
13362570,Bormes les Mimosas,Le Mas de la Palmeraie - Studio dans propriété privée au calme avec piscine et tennis,https://www.booking.com/hotel/fr/le-mas-de-la-palmeraie-studio-dans-propriete-privee-au-calme-avec-piscine-et-ten.html?checkin=2025-12-11&checkout=2025-12-13&group_adults=2&no_rooms=1&group_children=&chal_t=1762887420179&force_referer=,APARTMENT,9.7,4,85.53,42.76,EUR,198.0,USD,2.0,2.0,43.1272081,6.3316222,76.0,13.0,0.0,50.025,7.6,9.7,7.724000000000001,8.4648,"Indoor swimming pool, Free Wifi, Free parking, Family rooms, Indoor swimming pool",https://cf.bstatic.com/xdata/images/hotel/square60/632635993.jpg?k=f46ff2a851184f3cfc9b2ef68aedb19aef3d051ea6bb287f831df5dcd9d2b284&o=,6
11732528,Avignon,Centre Palais des Papes B2 Clim - 123Avignon,https://www.booking.com/hotel/fr/centre-palais-des-papes-clim-123avignon.html?checkin=2025-12-11&checkout=2025-12-13&group_adults=2&no_rooms=1&group_children=&chal_t=1762886040616&force_referer=,APARTMENT,9.1,50,73.0,24.34,EUR,169.0,USD,2.0,3.0,43.949537613284,4.808402317791,71.83,12.9,0.0,52.477778,7.183,9.1,9.566,8.426400000000001,"Non-smoking rooms, Free Wifi, Non-smoking rooms, Free Wifi",https://cf.bstatic.com/xdata/images/hotel/square60/537289221.jpg?k=f527591b08f9247cb315d40b419d1a16a3a4345d0b6c1a00a8c153193c8e0f0c&o=,7
2577385,Cassis,Le Bosquet,https://www.booking.com/hotel/fr/le-bosquet-cassis1.html?checkin=2025-12-11&checkout=2025-12-13&group_adults=2&no_rooms=1&group_children=,APARTMENT,9.3,26,139.52,34.89,EUR,323.0,USD,2.0,4.0,43.2178808,5.53613129999997,73.67,14.3,0.34,57.023611,7.367,9.3,8.511,8.369,"Non-smoking rooms, Free parking, Terrace, Non-smoking rooms, Free parking",https://cf.bstatic.com/xdata/images/hotel/square60/107617941.jpg?k=cc1252fb9e1cdb0915c4e22d823a2808a9199d397aec91ac6a094a4b4183ae6b&o=,8
10491032,Cassis,La Cigale du Port,https://www.booking.com/hotel/fr/le-roucas-cassis.html?checkin=2025-12-11&checkout=2025-12-13&group_adults=2&no_rooms=1&group_children=,APARTMENT,9.0,48,119.65,29.91,EUR,277.0,USD,2.0,4.0,43.2177957,5.5358322,73.67,14.3,0.34,57.023611,7.367,9.0,9.009,8.348600000000001,"Non-smoking rooms, Free Wifi, Free parking, Non-smoking rooms, Free Wifi",https://cf.bstatic.com/xdata/images/hotel/square60/479525397.jpg?k=5a105c68ba0eea7c8d8ba3413d6476aa8ba203bc9218bfeaec0b4c4e19ea0b11&o=,9
8375742,Cassis,Le petit cassis,https://www.booking.com/hotel/fr/le-petit-cassis-cassis1.html?checkin=2025-12-11&checkout=2025-12-13&group_adults=2&no_rooms=1&group_children=,APARTMENT,8.7,105,76.89,25.63,EUR,178.0,USD,2.0,3.0,43.2187069,5.5399636,73.67,14.3,0.34,57.023611,7.367,8.7,9.437000000000001,8.3142,"Non-smoking rooms, Terrace, Non-smoking rooms, Terrace",https://cf.bstatic.com/xdata/images/hotel/square60/349958575.jpg?k=52d4f4dc42005666fd6b498d023d4bb193d6c2a64d5f22b0b66c448b006ac519&o=,10
2021124,Cassis,La Rade,https://www.booking.com/hotel/fr/la-rade-cassis1.html?checkin=2025-12-11&checkout=2025-12-13&group_adults=2&no_rooms=1&group_children=,APARTMENT,9.0,70,129.59,32.4,EUR,300.0,USD,2.0,4.0,43.21534787329778,5.534749031066895,73.67,14.3,0.34,57.023611,7.367,9.0,8.759999999999998,8.2988,"Non-smoking rooms, Free Wifi, Free parking, Family rooms, Terrace",https://cf.bstatic.com/xdata/images/hotel/square60/459679418.jpg?k=06a5576c9608f9eabffccde93be10d4e7280869dd91459f15bd6763084b4d4d9&o=,11
53432,Marseille,Aparthotel Adagio Access Marseille Prado Périer,https://www.booking.com/hotel/fr/citea-marseille-prado-perier.html?checkin=2025-12-11&checkout=2025-12-13&group_adults=2&no_rooms=1&group_children=&chal_t=1762886238254&force_referer=,APARTHOTEL,8.2,2014,101.08,25.27,EUR,234.0,USD,2.0,4.0,43.278692338557065,5.388060361146927,76.17,15.1,0.15,60.756944,7.617,8.2,9.473,8.221400000000001,"Non-smoking rooms, Facilities for disabled guests, Free Wifi, Family rooms, Elevator",https://cf.bstatic.com/xdata/images/hotel/max200/750929394.jpg?k=8123c2d0d21194414d01f6f70d2cf9e7922007030a4f4760f640ce4565871a5f&o=,12
4422171,Bormes les Mimosas,Boulevard du Soleil,https://www.booking.com/hotel/fr/boulevard-du-soleil.html?checkin=2025-12-11&checkout=2025-12-13&group_adults=2&no_rooms=1&group_children=&chal_t=1762886881324&force_referer=,APARTMENT,9.5,58,104.54,52.27,EUR,242.0,USD,2.0,2.0,43.149232813225,6.341970146281,76.0,13.0,0.0,50.025,7.6,9.5,6.772999999999999,8.1946,"Free Wifi, Free parking, Free Wifi, Free parking",https://cf.bstatic.com/xdata/images/hotel/square60/704371096.jpg?k=971284d88d50cf932d134905180a0f4f98ad8b875e0c99a9ac07ef5f7429cced&o=,13
53262,Aix en Provence,Aparthotel Adagio Aix-en-Provence Centre,https://www.booking.com/hotel/fr/pierre-vacances-city-centre.html?checkin=2025-12-11&checkout=2025-12-13&group_adults=2&no_rooms=1&group_children=,APARTHOTEL,8.5,1916,132.18,33.05,EUR,306.0,USD,2.0,4.0,43.52890621393209,5.440869033336639,76.33,13.0,0.0,59.155556,7.633,8.5,8.695,8.192200000000001,"Non-smoking rooms, Facilities for disabled guests, Free Wifi, Private Parking, Family rooms",https://cf.bstatic.com/xdata/images/hotel/square60/700052649.jpg?k=826f47de3b1d05ca5d219620f2672d077b218b60bab64d02fa67ca4fd29fceb5&o=,14
8833891,Avignon,"Duplex-Ceiling height 1,9m-Free private parking-Self check in !! Duplex climatisé-Hauteur sous plafond 1,9m-Parking privé gratuit-Arrivée autonome !!",https://www.booking.com/hotel/fr/duplex-climatise-au-centre-ville-d-avignon-avec-parking-prive-gratuit.html?checkin=2025-12-11&checkout=2025-12-13&group_adults=2&no_rooms=1&group_children=&chal_t=1762886847527&force_referer=,APARTMENT,9.7,128,193.52,48.38,EUR,448.0,USD,2.0,4.0,43.9465116,4.8035118,71.83,12.9,0.0,52.477778,7.183,9.7,7.162000000000001,8.1856,"Free Wifi, Free parking, Free Wifi, Free parking",https://cf.bstatic.com/xdata/images/hotel/square60/606260065.jpg?k=3556d875072e73ed5b76f48a2ccc3e5bb4c2e92ad91960bf3163cb969f4c1376&o=,15
58223,Bormes les Mimosas,Hotel La Voile,https://www.booking.com/hotel/fr/hotel-la-voile-fr.html?checkin=2025-12-11&checkout=2025-12-13&group_adults=2&no_rooms=1&group_children=,HOTEL,8.4,793,123.11,30.77,EUR,285.0,USD,2.0,4.0,43.12549,6.357300000000009,76.0,13.0,0.0,50.025,7.6,8.4,8.923000000000002,8.184600000000001,"Outdoor swimming pool, Non-smoking rooms, Facilities for disabled guests, Room service, Free Wifi",https://cf.bstatic.com/xdata/images/hotel/max200/492239131.jpg?k=e34e68fe9807a57005fd4ecf3eada95de5151680b687e5408e29cf443d28c14a&o=,16
12754603,Cassis,Au cœur de Cassis,https://www.booking.com/hotel/fr/au-coeur-de-cassis-cassis3.html?checkin=2025-12-11&checkout=2025-12-13&group_adults=2&no_rooms=1&group_children=,APARTMENT,8.7,18,137.8,34.45,EUR,319.0,USD,2.0,4.0,43.2149587,5.5399611,73.67,14.3,0.34,57.023611,7.367,8.7,8.555,8.1378,"Non-smoking rooms, Free Wifi, Family rooms, Non-smoking rooms, Free Wifi",https://cf.bstatic.com/xdata/images/hotel/square60/594664063.jpg?k=97ce9396247c05025578ea7662f807a4490e020cf2940caded427d0909c1a88d&o=,17
4060506,Cassis,CASSIS RDC Climatisé - Parking gratuit,https://www.booking.com/hotel/fr/appartement-t3-rdc-cassis.html?checkin=2025-12-11&checkout=2025-12-13&group_adults=2&no_rooms=1&group_children=&chal_t=1762886486220&force_referer=,APARTMENT,9.2,56,178.4,44.6,EUR,413.0,USD,2.0,4.0,43.2178808,5.5361313,73.67,14.3,0.34,57.023611,7.367,9.2,7.54,8.134799999999998,"Non-smoking rooms, Basic free Wifi (10 Mbps), Free parking, Terrace, Non-smoking rooms",https://cf.bstatic.com/xdata/images/hotel/square60/584347926.jpg?k=76e0abecf25bc27fdd9f271f8d5704e736302e02c94149050863947077d8d784&o=,18
8883930,Marseille,ADIRA Résid'Marseille Vieux-port 2 étoiles,https://www.booking.com/hotel/fr/adira-resid-marseille-vieux-port.html?checkin=2025-12-11&checkout=2025-12-13&group_adults=2&no_rooms=1&group_children=,APARTMENT,8.4,475,140.82,35.21,EUR,326.0,USD,2.0,4.0,43.294458339908,5.377619730094,76.17,15.1,0.15,60.756944,7.617,8.4,8.479,8.1026,"Non-smoking rooms, Free Wifi, Parking, Family rooms, Elevator",https://cf.bstatic.com/xdata/images/hotel/square60/442969916.jpg?k=200cbe6de9aec3358bdbe42fc496dfdb82a988aa0cbd1097bf965bdc042e8a31&o=,19
7454490,Cassis,Home Cassis - Maison Julou - Piscine chauffée à 32c,https://www.booking.com/hotel/fr/home-cassis-maison-julou.html?checkin=2025-12-11&checkout=2025-12-13&group_adults=2&no_rooms=1&group_children=,APARTMENT,8.7,155,73.43,36.72,EUR,170.0,USD,2.0,2.0,43.222079689063,5.537926946033,73.67,14.3,0.34,57.023611,7.367,8.7,8.328,8.0924,"Outdoor swimming pool, Non-smoking rooms, Free Wifi, Free parking, Family rooms",https://cf.bstatic.com/xdata/images/hotel/max200/366628056.jpg?k=773e0abc4955bbd39af15a91c447239ffb97d4ef38b2c36dd04d60e74dd0a7e5&o=,20
13840630,Aix en Provence,Studio climatisé plein centre 4eme étage,https://www.booking.com/hotel/fr/studio-plein-centre-3eme-etage.html?checkin=2025-12-11&checkout=2025-12-13&group_adults=2&no_rooms=1&group_children=&chal_t=1762886886874&force_referer=,APARTMENT,8.4,24,75.16,37.58,EUR,174.0,USD,2.0,2.0,43.5302425,5.4470586,76.33,13.0,0.0,59.155556,7.633,8.4,8.242,8.0616,"Non-smoking rooms, Free Wifi, Non-smoking rooms, Free Wifi",https://cf.bstatic.com/xdata/images/hotel/square60/716217563.jpg?k=4084d11747d4382eab681f435842e71f75ae84fa0b62dc9ceae26df06324d1f9&o=,21
2331056,Cassis,Home Cassis - Maison Méditerranée - Piscine chauffée à 30c,https://www.booking.com/hotel/fr/home-cassis-maison-mediterrannee.html?checkin=2025-12-11&checkout=2025-12-13&group_adults=2&no_rooms=1&group_children=&chal_t=1762887271528&force_referer=,HOLIDAY_HOME,8.5,249,139.96,34.99,EUR,324.0,USD,2.0,4.0,43.219776350851,5.53745873272419,73.67,14.3,0.34,57.023611,7.367,8.5,8.500999999999998,8.047,"Outdoor swimming pool, Non-smoking rooms, Free Wifi, Beachfront, Free parking",https://cf.bstatic.com/xdata/images/hotel/max200/302027124.jpg?k=86d2290b5062fa53e7e6e60f38a5f5e7c570a2ded1410a51f3bf3abb1c4ae582&o=,22
218589,Marseille,RockyPop Marseille Hôtel,https://www.booking.com/hotel/fr/citadines-aparthotel-marseilleprado.html?checkin=2025-12-11&checkout=2025-12-13&group_adults=2&no_rooms=1&group_children=&chal_t=1762886125651&force_referer=,HOTEL,9.1,277,104.1,52.05,EUR,241.0,USD,2.0,2.0,43.28282806447971,5.387259051203728,76.17,15.1,0.15,60.756944,7.617,9.1,6.795,8.0458,"Non-smoking rooms, Facilities for disabled guests, Room service, Restaurant, Free Wifi",https://cf.bstatic.com/xdata/images/hotel/max200/727472890.jpg?k=db248be1c88ed723ebd211772de3a06438dfa2af408898b52126324c15ff4711&o=,23
2757802,Aix en Provence,B&B HOTEL Aix-en-Provence Pont de l'Arc,https://www.booking.com/hotel/fr/b-amp-b-aix-en-provence-pont-de-l-39-arc.html?checkin=2025-12-11&checkout=2025-12-13&group_adults=2&no_rooms=1&group_children=&chal_t=1762886081839&force_referer=,HOTEL,7.5,2164,82.51,20.63,EUR,191.0,USD,2.0,4.0,43.5111713,5.4446805,76.33,13.0,0.0,59.155556,7.633,7.5,9.937000000000001,8.040600000000001,"Non-smoking rooms, Free Wifi, Free parking, Family rooms, Good Breakfast",https://cf.bstatic.com/xdata/images/hotel/max200/156383418.jpg?k=ac4e250369024d0138bfaa67dd94a5745b6363ed8174a10704600c336c0ff443&o=,24
55366,Marseille,Novotel Marseille Centre Prado Vélodrome,https://www.booking.com/hotel/fr/novotel-marseille-centre-prado.html?checkin=2025-12-11&checkout=2025-12-13&group_adults=2&no_rooms=1&group_children=&chal_t=1762886130477&force_referer=,HOTEL,8.0,1330,92.01,30.67,EUR,213.0,USD,2.0,3.0,43.28068115402996,5.387088060379028,76.17,15.1,0.15,60.756944,7.617,8.0,8.933,8.0334,"Non-smoking rooms, Facilities for disabled guests, Room service, Restaurant, Free Wifi",https://cf.bstatic.com/xdata/images/hotel/max200/773306381.jpg?k=aee877a6949cb335839b45de736fe99e329bd83faaae440799eecb6c83795f26&o=,25
14566314,Bormes les Mimosas,Entre les pins et les oliviers,https://www.booking.com/hotel/fr/entre-les-pins-et-les-oliviers-bormes-les-mimosas1.html?checkin=2025-12-11&checkout=2025-12-13&group_adults=2&no_rooms=1&group_children=&chal_t=1762887278160&force_referer=,GUEST_HOUSE,8.4,11,77.32,38.66,EUR,179.0,USD,2.0,2.0,43.16075099888905,6.320753398242189,76.0,13.0,0.0,50.025,7.6,8.4,8.134,8.026800000000001,"Free parking, Breakfast, Free parking, Breakfast",https://cf.bstatic.com/xdata/images/hotel/max200/728433416.jpg?k=faa6636efd0ff94a1f6bcb76de37fefa0cd7422805c059576157e0ce8502fa5e&o=,26
432105,Marseille,Résidence Meublée Services,https://www.booking.com/hotel/fr/ra-c-sidence-meubla-c-e-services.html?checkin=2025-12-11&checkout=2025-12-13&group_adults=2&no_rooms=1&group_children=,APARTHOTEL,7.7,673,105.4,26.35,EUR,244.0,USD,2.0,4.0,43.28989895775723,5.382167547941208,76.17,15.1,0.15,60.756944,7.617,7.7,9.365000000000002,7.9998000000000005,"Non-smoking rooms, Free Wifi, Private Parking, Family rooms, Elevator",https://cf.bstatic.com/xdata/images/hotel/square60/411320755.jpg?k=a7ce78a5909c3fc76d22819a8caa1024469f11d273facd502d7dd66c2863ecc7&o=,27
231026,Aix en Provence,Best Western Hotel le Galice Aix-en-Provence,https://www.booking.com/hotel/fr/best-western-le-galice.html?checkin=2025-12-11&checkout=2025-12-13&group_adults=2&no_rooms=1&group_children=&chal_t=1762886088164&force_referer=,HOTEL,8.0,2637,130.89,32.73,EUR,303.0,USD,2.0,4.0,43.52803110430644,5.434359312057495,76.33,13.0,0.0,59.155556,7.633,8.0,8.727000000000002,7.9986000000000015,"Outdoor swimming pool, Non-smoking rooms, Facilities for disabled guests, Restaurant, Free Wifi",https://cf.bstatic.com/xdata/images/hotel/max200/167333322.jpg?k=b94eabcce4dd61fd2eb96722f7bc318b4b91749f2ac13ebf09ad38a7c51413a8&o=,28
2203411,Aix en Provence,Les Suites du Cours & Spa,https://www.booking.com/hotel/fr/les-suites-du-cours.html?checkin=2025-12-11&checkout=2025-12-13&group_adults=2&no_rooms=1&group_children=,APARTMENT,9.2,377,177.11,59.03,EUR,410.0,USD,2.0,3.0,43.5269723441162,5.44928753701095,76.33,13.0,0.0,59.155556,7.633,9.2,6.097,7.9526,"Non-smoking rooms, Spa, Free Wifi, Parking, Family rooms",https://cf.bstatic.com/xdata/images/hotel/square60/90257494.jpg?k=77625e8930fca555d787d4f39aff3b2cd3782f5bda3d8810e2c552f1cd76a5ac&o=,29
6826425,Marseille,Montempô Marseille Centre Dôme,https://www.booking.com/hotel/fr/montempo-marseille-centre.html?checkin=2025-12-11&checkout=2025-12-13&group_adults=2&no_rooms=1&group_children=&chal_t=1762889183027&force_referer=,APARTHOTEL,7.5,2817,49.68,24.84,EUR,115.0,USD,2.0,2.0,43.31371048967844,5.40388192065429,76.17,15.1,0.15,60.756944,7.617,7.5,9.516,7.95,"Non-smoking rooms, Free Wifi, Private Parking, 24-hour front desk, Elevator",https://cf.bstatic.com/xdata/images/hotel/square60/528779492.jpg?k=5f4e48b0ef077349cb68df9e4c6e0265af5056c45bbfa254647b0ff491b136f9&o=,30
12579804,Marseille,Hôtel Ligo by HappyCulture,https://www.booking.com/hotel/fr/ligo-by-happyculture-marseille4.html?checkin=2025-12-11&checkout=2025-12-13&group_adults=2&no_rooms=1&group_children=,HOTEL,7.9,1175,131.75,32.93,EUR,305.0,USD,2.0,4.0,43.301265,5.370879,76.17,15.1,0.15,60.756944,7.617,7.9,8.706999999999999,7.9482,"Non-smoking rooms, Free Wifi, Family rooms, 24-hour front desk, Elevator",https://cf.bstatic.com/xdata/images/hotel/square60/651552174.jpg?k=39166721da21204ad9e37421989a1df2600e63c2c83e3fb2ef8d12f606b17685&o=,31
10639001,Cassis,Cassis centre,https://www.booking.com/hotel/fr/cassis-centre-cassis.html?checkin=2025-12-11&checkout=2025-12-13&group_adults=2&no_rooms=1&group_children=,APARTMENT,7.5,75,72.57,18.14,EUR,168.0,USD,2.0,4.0,43.2152067,5.5383415,73.67,14.3,0.34,57.023611,7.367,7.5,10.0,7.9468,"Non-smoking rooms, Free Wifi, Beachfront, Family rooms, Private beach area",https://cf.bstatic.com/xdata/images/hotel/square60/486085353.jpg?k=06c5fa84cffa3c08f58da5cf6a12baa52d6c72445f4e3d80703a518cf42b66ac&o=,32
219754,Aix en Provence,Campanile Prime - Aix-en-Provence Sud - Pont de l'Arc,https://www.booking.com/hotel/fr/campanile-aix-en-provence-sud.html?checkin=2025-12-11&checkout=2025-12-13&group_adults=2&no_rooms=1&group_children=,HOTEL,7.8,3003,66.95,33.48,EUR,155.0,USD,2.0,2.0,43.511916316958825,5.436653941869736,76.33,13.0,0.0,59.155556,7.633,7.8,8.652000000000001,7.903600000000001,"Non-smoking rooms, Facilities for disabled guests, Restaurant, Free Wifi, Free parking",https://cf.bstatic.com/xdata/images/hotel/square60/751834363.jpg?k=dbc2dc9a3a5c2d72596c6305612bf31d34b7ac4a62615afd1b320b8983eb8ae9&o=,33
7424003,Bormes les Mimosas,La petite Provence,https://www.booking.com/hotel/fr/lovely-place-for-2.html?checkin=2025-12-11&checkout=2025-12-13&group_adults=2&no_rooms=1&group_children=,APARTMENT,8.6,44,99.78,49.89,EUR,231.0,USD,2.0,2.0,43.15127099096753,6.341906766830476,76.0,13.0,0.0,50.025,7.6,8.6,7.010999999999999,7.8822,"Non-smoking rooms, Free Wifi, Non-smoking rooms, Free Wifi",https://cf.bstatic.com/xdata/images/hotel/square60/676226408.jpg?k=b15f1d81723cb85c8010cde7011dc477b6f6c40393519873d9f732a3cbeaad77&o=,34
2610215,Marseille,NH Collection Marseille,https://www.booking.com/hotel/fr/nh-collection-marseille.html?checkin=2025-12-11&checkout=2025-12-13&group_adults=2&no_rooms=1&group_children=,HOTEL,8.8,3084,164.58,54.86,EUR,381.0,USD,2.0,3.0,43.3024211,5.36863370000003,76.17,15.1,0.15,60.756944,7.617,8.8,6.513999999999999,7.8696,"Non-smoking rooms, Fitness center, Facilities for disabled guests, Room service, Restaurant",https://cf.bstatic.com/xdata/images/hotel/square60/749832634.jpg?k=8dc0276fd80505601862395db50adccbc98997236f5152b8ba7a891d0eaef6f4&o=,35
3087488,Avignon,Chambre et appartements entre le Pont d Avignon et le Palais des Papes,https://www.booking.com/hotel/fr/appartements-et-chambre-entre-le-pont-d-avignon-et-le-palais-des-papes.html?checkin=2025-12-11&checkout=2025-12-13&group_adults=2&no_rooms=1&group_children=&chal_t=1762887025185&force_referer=,APARTMENT,8.3,695,73.0,36.5,EUR,169.0,USD,2.0,2.0,43.9507095,4.80338430000006,71.83,12.9,0.0,52.477778,7.183,8.3,8.35,7.863200000000001,"Non-smoking rooms, Free Wifi, Private Parking, Family rooms, Non-smoking rooms",https://cf.bstatic.com/xdata/images/hotel/square60/181101570.jpg?k=207eccdb618516111caa2dec7dec9312d1ef5933871bdd42f08ad6b703d95fbb&o=,36
54654,Avignon,Hôtel Central,https://www.booking.com/hotel/fr/central-avignon.html?checkin=2025-12-11&checkout=2025-12-13&group_adults=2&no_rooms=1&group_children=,HOTEL,7.9,2595,57.02,28.51,EUR,132.0,USD,2.0,2.0,43.945524956672806,4.805760830640793,71.83,12.9,0.0,52.477778,7.183,7.9,9.149,7.863,"Non-smoking rooms, Facilities for disabled guests, Room service, Free Wifi, Parking",https://cf.bstatic.com/xdata/images/hotel/square60/270296236.jpg?k=69ae12a8f7ec3e2e0c59e8faead18f8813f2fe86912cd41536c2eb3174717e48&o=,37
730769,Cassis,Home Cassis - Maison Les Calanques - Piscine chauffée à 30c,https://www.booking.com/hotel/fr/home-cassis.html?checkin=2025-12-11&checkout=2025-12-13&group_adults=2&no_rooms=1&group_children=,HOLIDAY_HOME,8.3,190,81.64,40.82,EUR,189.0,USD,2.0,2.0,43.21183242551023,5.524701520789677,73.67,14.3,0.34,57.023611,7.367,8.3,7.918000000000001,7.8504000000000005,"Outdoor swimming pool, Non-smoking rooms, Free Wifi, Free parking, Terrace",https://cf.bstatic.com/xdata/images/hotel/max200/223145729.jpg?k=b8c78b04ac9a99a6b94bc6177d5edc97dd56a39c8922fe9e0b7b56d2632c5667&o=,38
6738175,Cassis,La Cassy - Sleep in Cassis,https://www.booking.com/hotel/fr/sleep-in-cassis.html?checkin=2025-12-11&checkout=2025-12-13&group_adults=2&no_rooms=1&group_children=&chal_t=1762887651560&force_referer=,APARTMENT,8.8,129,103.67,51.84,EUR,240.0,USD,2.0,2.0,43.21351434634,5.539700449428,73.67,14.3,0.34,57.023611,7.367,8.8,6.816,7.830000000000001,"Non-smoking rooms, Free Wifi, Non-smoking rooms, Free Wifi",https://cf.bstatic.com/xdata/images/hotel/square60/645613151.jpg?k=ff6658e3e6f35b51454d941bcc1f34f551c2c0804832a73c58c40f481da53cb4&o=,39
47697,Avignon,Hôtel Les Corps Saints,https://www.booking.com/hotel/fr/splendid-avignon.html?checkin=2025-12-11&checkout=2025-12-13&group_adults=2&no_rooms=1&group_children=&chal_t=1762886203506&force_referer=,HOTEL,7.5,1229,45.36,22.68,EUR,105.0,USD,2.0,2.0,43.944233090012354,4.806668758392334,71.83,12.9,0.0,52.477778,7.183,7.5,9.732,7.8196,"Non-smoking rooms, Free Wifi, Family rooms, Very Good Breakfast, Non-smoking rooms",https://cf.bstatic.com/xdata/images/hotel/max200/87670701.jpg?k=590ecb592d758219a486e4d13ce73a017d7859cc9882dedcc11c900ff6b41e46&o=,40
7606234,Cassis,Appartement le Quai du Port Cassis parking clim,https://www.booking.com/hotel/fr/appartement-le-quai-du-port-cassis-parking-clim.html?checkin=2025-12-11&checkout=2025-12-13&group_adults=2&no_rooms=1&group_children=,APARTMENT,9.3,138,126.13,63.07,EUR,292.0,USD,2.0,2.0,43.2148357,5.5360761,73.67,14.3,0.34,57.023611,7.367,9.3,5.6930000000000005,7.805400000000001,"Non-smoking rooms, Airport shuttle, Free Wifi, Beachfront, Free parking",https://cf.bstatic.com/xdata/images/hotel/square60/320842654.jpg?k=c57cf097b961c909c38c9d5718b76072217d9dee5f1edffe76fd94e3281254bb&o=,41
282810,Aix en Provence,Adonis Arc Hotel Aix,https://www.booking.com/hotel/fr/arc-aix-hotel.html?checkin=2025-12-11&checkout=2025-12-13&group_adults=2&no_rooms=1&group_children=,HOTEL,7.6,1414,69.11,34.56,EUR,160.0,USD,2.0,2.0,43.51371445304431,5.470212399959564,76.33,13.0,0.0,59.155556,7.633,7.6,8.543999999999999,7.8020000000000005,"Outdoor swimming pool (temporarily closed), Non-smoking rooms, Facilities for disabled guests, Free Wifi, Private Parking",https://cf.bstatic.com/xdata/images/hotel/max200/762653131.jpg?k=86ed6a9258f63dd90cee085e9d72708ee34d2324c1a43fbba0ec0596c968486a&o=,42
8309819,Aix en Provence,Lou Pitchoun,https://www.booking.com/hotel/fr/lou-pitchoun-aix-en-provence.html?checkin=2025-12-11&checkout=2025-12-13&group_adults=2&no_rooms=1&group_children=&chal_t=1762887522922&force_referer=,APARTMENT,8.5,101,106.7,53.35,EUR,247.0,USD,2.0,2.0,43.5310473,5.4495993,76.33,13.0,0.0,59.155556,7.633,8.5,6.665000000000001,7.786200000000001,"Non-smoking rooms, Free Wifi, Non-smoking rooms, Free Wifi",https://cf.bstatic.com/xdata/images/hotel/square60/694577345.jpg?k=2f3a343bd90b0e4f8d2f9dc2972c4e4a744df473624930f80b32150666c89b97&o=,43
3533916,Aix en Provence,La Gracette,https://www.booking.com/hotel/fr/la-gracette.html?checkin=2025-12-11&checkout=2025-12-13&group_adults=2&no_rooms=1&group_children=&chal_t=1762887784311&force_referer=,BED_AND_BREAKFAST,8.5,68,107.56,53.78,EUR,249.0,USD,2.0,2.0,43.490778,5.383993,76.33,13.0,0.0,59.155556,7.633,8.5,6.622,7.7776000000000005,"Non-smoking rooms, Free Wifi, Free parking, Family rooms, Garden",https://cf.bstatic.com/xdata/images/hotel/max200/161928568.jpg?k=78d428945e246427e407b1e9d0bbd4bc96176f8cce2b0087bd1114cda209aeef&o=,44
9709603,Cassis,Studio rénové avec vue magique,https://www.booking.com/hotel/fr/studio-renove-avec-vue-magique.html?checkin=2025-12-11&checkout=2025-12-13&group_adults=2&no_rooms=1&group_children=&chal_t=1762888009558&force_referer=,APARTMENT,8.1,29,81.21,40.6,EUR,188.0,USD,2.0,2.0,43.219025355371,5.529711338231,73.67,14.3,0.34,57.023611,7.367,8.1,7.94,7.7748,"Outdoor swimming pool, Non-smoking rooms, Beachfront, Free parking, Terrace",https://cf.bstatic.com/xdata/images/hotel/square60/435182042.jpg?k=04c100b87da3943004af9514b679a4576d03d467f2f5c2a697878a0b45724809&o=,45
9849488,Avignon,La Saraillerie - PATIO - CLIM - WIFI,https://www.booking.com/hotel/fr/la-saraillerie-central-clim-wifi.html?checkin=2025-12-11&checkout=2025-12-13&group_adults=2&no_rooms=1&group_children=,APARTMENT,8.6,80,96.33,48.16,EUR,223.0,USD,2.0,2.0,43.9471806,4.8072535,71.83,12.9,0.0,52.477778,7.183,8.6,7.184,7.75,"Non-smoking rooms, Free Wifi, Family rooms, Non-smoking rooms, Free Wifi",https://cf.bstatic.com/xdata/images/hotel/square60/614189254.jpg?k=e838c7a1c69070ac9ed3df0b01d696e33aabceba3c90ff56ef80e5aaa0784ba8&o=,46
44311,Aix en Provence,Le Concorde,https://www.booking.com/hotel/fr/le-concorde-sarl-aix-en-provence.html?checkin=2025-12-11&checkout=2025-12-13&group_adults=2&no_rooms=1&group_children=,HOTEL,8.0,2267,135.64,45.21,EUR,314.0,USD,2.0,3.0,43.524612221014486,5.453754365444183,76.33,13.0,0.0,59.155556,7.633,8.0,7.478999999999999,7.7490000000000006,"Non-smoking rooms, Facilities for disabled guests, Free Wifi, Private Parking, Family rooms",https://cf.bstatic.com/xdata/images/hotel/square60/231223040.jpg?k=9d63f2480250e7e57c72ae9067819ef22508c716292033053cf487e33a4b660b&o=,47
537469,Avignon,ibis Avignon Centre Gare,https://www.booking.com/hotel/fr/ibis-avignon-centre-gare.html?checkin=2025-12-11&checkout=2025-12-13&group_adults=2&no_rooms=1&group_children=,HOTEL,7.6,1114,57.45,28.73,EUR,133.0,USD,2.0,2.0,43.94229069324134,4.807274341733546,71.83,12.9,0.0,52.477778,7.183,7.6,9.126999999999999,7.7386,"Non-smoking rooms, Facilities for disabled guests, Room service, Free Wifi, Parking",https://cf.bstatic.com/xdata/images/hotel/max200/756924678.jpg?k=e4ddf371ecf9d475730dad78a5f80e40b9bd47e55139080c21a826ab667743be&o=,48
13051520,Marseille,Résidence Kley Marseille République,https://www.booking.com/hotel/fr/residence-kley-marseille-republique.html?checkin=2025-12-11&checkout=2025-12-13&group_adults=2&no_rooms=1&group_children=&chal_t=1762886743416&force_referer=,APARTHOTEL,7.5,314,70.84,35.42,EUR,164.0,USD,2.0,2.0,43.3010928,5.3699198,76.17,15.1,0.15,60.756944,7.617,7.5,8.458,7.7384,"Non-smoking rooms, Free Wifi, Non-smoking rooms, Free Wifi",https://cf.bstatic.com/xdata/images/hotel/square60/611048444.jpg?k=94a6a2e025df18cd9c220d147ce468f2751df350b0f144694adb7a3b13d1d5ac&o=,49
14009024,Bormes les Mimosas,Le Pin d'Alep,https://www.booking.com/hotel/fr/le-pin-d-alep.html?checkin=2025-12-11&checkout=2025-12-13&group_adults=2&no_rooms=1&group_children=&chal_t=1762886312305&force_referer=,BED_AND_BREAKFAST,8.6,28,114.47,57.24,EUR,265.0,USD,2.0,2.0,43.131624,6.330185,76.0,13.0,0.0,50.025,7.6,8.6,6.276,7.735200000000001,"Outdoor swimming pool (temporarily closed), Non-smoking rooms, Airport shuttle, Free parking, Tea/Coffee Maker in All Rooms",https://cf.bstatic.com/xdata/images/hotel/max200/705750804.jpg?k=ead5e2f5e45418014aebb7ecda85d09aee2e2e4c879dcd3410baefdd20cfdbcb&o=,50
653737,Marseille,B&B HOTEL Marseille Parc Chanot,https://www.booking.com/hotel/fr/ibis-budget-marseille-prado.html?checkin=2025-12-11&checkout=2025-12-13&group_adults=2&no_rooms=1&group_children=&chal_t=1762886313825&force_referer=,HOTEL,7.0,1997,51.4,25.7,EUR,119.0,USD,2.0,2.0,43.27456537014636,5.393511426914188,76.17,15.1,0.15,60.756944,7.617,7.0,9.43,7.7328,"Non-smoking rooms, Facilities for disabled guests, Free Wifi, Private Parking, 24-hour front desk",https://cf.bstatic.com/xdata/images/hotel/square60/536156077.jpg?k=f68104711925488487adf4f20198cb5fcb240e7f4a4c1e806c7a9b9dd5b98964&o=,51
1242827,Avignon,Appartements La Croix - Hyper Centre - Palais des Papes et Pont d'Avignon - WiFi,https://www.booking.com/hotel/fr/appartements-la-croix.html?checkin=2025-12-11&checkout=2025-12-13&group_adults=2&no_rooms=1&group_children=,APARTMENT,8.1,658,79.05,39.52,EUR,183.0,USD,2.0,2.0,43.95147165809491,4.8045851708045575,71.83,12.9,0.0,52.477778,7.183,8.1,8.047999999999998,7.7228,"Non-smoking rooms, Facilities for disabled guests, Fast free Wifi 177 Mbps), Parking, Family rooms",https://cf.bstatic.com/xdata/images/hotel/square60/704368219.jpg?k=221e1ed6fb7c5427b0208337a4bd99e1367cb1628e48c7340f076aa6c176024b&o=,52
47836,Avignon,Garlande Hôtel Avignon Centre,https://www.booking.com/hotel/fr/de-garlande.html?checkin=2025-12-11&checkout=2025-12-13&group_adults=2&no_rooms=1&group_children=,HOTEL,8.8,700,112.31,56.16,EUR,260.0,USD,2.0,2.0,43.94761833011378,4.806803539395332,71.83,12.9,0.0,52.477778,7.183,8.8,6.384,7.67,"Non-smoking rooms, Airport shuttle, Facilities for disabled guests, Free Wifi, Very Good Breakfast",https://cf.bstatic.com/xdata/images/hotel/max200/545580779.jpg?k=9f817b1f05cb1d3b8176ec533a9141f155aa470fb8422321e03f23d9a397c8a4&o=,53
11343333,Aix en Provence,Terrasse & Spa dans Aix Hypercentre,https://www.booking.com/hotel/fr/waves-house.html?checkin=2025-12-11&checkout=2025-12-13&group_adults=2&no_rooms=1&group_children=,APARTMENT,8.8,29,130.89,65.44,EUR,303.0,USD,2.0,2.0,43.5255712,5.4423252,76.33,13.0,0.0,59.155556,7.633,8.8,5.4559999999999995,7.6644000000000005,"Non-smoking rooms, Free Wifi, Terrace, Non-smoking rooms, Free Wifi",https://cf.bstatic.com/xdata/images/hotel/square60/527955796.jpg?k=6482ec572ddf1e08ff856437bb497e68276218065b530ff5c37af4cd4553e985&o=,54
51433,Avignon,Régina Boutique Hotel,https://www.booking.com/hotel/fr/hotelreginaavignon.html?checkin=2025-12-11&checkout=2025-12-13&group_adults=2&no_rooms=1&group_children=,HOTEL,7.6,2321,65.66,32.83,EUR,152.0,USD,2.0,2.0,43.948165800766326,4.805764853954315,71.83,12.9,0.0,52.477778,7.183,7.6,8.717,7.6566,"Non-smoking rooms, Free Wifi, Parking, Tea/Coffee Maker in All Rooms, Good Breakfast",https://cf.bstatic.com/xdata/images/hotel/max200/109792086.jpg?k=4e8d959e13521f5e8c21dcec8b159ce490cd4092d681b403b350c80fd635f5c1&o=,55
10264642,Bormes les Mimosas,SELECT'soHOME - T2 entièrement rénové à quelques pas de la plage - POS07,https://www.booking.com/hotel/fr/select-sohome-t2-entierement-renove-a-quelques-pas-de-la-plage-pos07.html?checkin=2025-12-11&checkout=2025-12-13&group_adults=2&no_rooms=1&group_children=&chal_t=1762887571518&force_referer=,APARTMENT,8.0,11,216.85,54.21,EUR,502.0,USD,2.0,4.0,43.124018,6.351083,76.0,13.0,0.0,50.025,7.6,8.0,6.578999999999999,7.5558,"Outdoor swimming pool, Non-smoking rooms, Free Wifi, Free parking, Outdoor swimming pool",https://cf.bstatic.com/xdata/images/hotel/square60/469305284.jpg?k=69c54a5b8b9bb86a3b3ca819f4034d7522031bdc71faf44b233d85f1e2274024&o=,56
2861546,Aix en Provence,Hotel Cardinal,https://www.booking.com/hotel/fr/cardinal.html?checkin=2025-12-11&checkout=2025-12-13&group_adults=2&no_rooms=1&group_children=&chal_t=1762886394488&force_referer=,HOTEL,8.6,1481,135.21,67.6,EUR,313.0,USD,2.0,2.0,43.5255987,5.45172079999998,76.33,13.0,0.0,59.155556,7.633,8.6,5.24,7.5412,"Non-smoking rooms, Free Wifi, Good Breakfast, Non-smoking rooms, Free Wifi",https://cf.bstatic.com/xdata/images/hotel/square60/120237817.jpg?k=600b321407d200cd7767983acab5e07284cea064c7ac5fc8953353975e21d1b1&o=,57
10636298,Marseille,Loft 200m2 avec écran led géant de 10m2,https://www.booking.com/hotel/fr/t4-loft-paradis.html?checkin=2025-12-11&checkout=2025-12-13&group_adults=2&no_rooms=1&group_children=,APARTHOTEL,9.4,52,171.49,85.75,EUR,397.0,USD,2.0,2.0,43.2865487,5.3797922,76.17,15.1,0.15,60.756944,7.617,9.4,3.4250000000000003,7.491800000000001,"Non-smoking rooms, Free Wifi, Non-smoking rooms, Free Wifi",https://cf.bstatic.com/xdata/images/hotel/square60/489477543.jpg?k=1f81da4adc568c161ce15b874205605445c058e3370493b11bbf65c6425baa27&o=,58
9074039,Bormes les Mimosas,Auberge du Dom,https://www.booking.com/hotel/fr/auberge-du-dom.html?checkin=2025-12-11&checkout=2025-12-13&group_adults=2&no_rooms=1&group_children=&chal_t=1762886230466&force_referer=,BED_AND_BREAKFAST,8.5,213,136.07,68.03,EUR,315.0,USD,2.0,2.0,43.17857868006767,6.33731499579012,76.0,13.0,0.0,50.025,7.6,8.5,5.196999999999999,7.4794,"Outdoor swimming pool, Free Wifi, Free parking, Family rooms, Tea/Coffee Maker in All Rooms",https://cf.bstatic.com/xdata/images/hotel/max200/397483124.jpg?k=b5dcffea6b12cdd06321df25ecec075830b33114d2fda7aebb6005231367d896&o=,59
548552,Avignon,Appartement Les Hortensias,https://www.booking.com/hotel/fr/les-hortensias-avignon.html?checkin=2025-12-11&checkout=2025-12-13&group_adults=2&no_rooms=1&group_children=&chal_t=1762886911900&force_referer=,APARTMENT,9.2,58,148.6,74.3,EUR,344.0,USD,2.0,2.0,43.94337669999999,4.819127299999991,71.83,12.9,0.0,52.477778,7.183,9.2,4.57,7.4672,"Non-smoking rooms, Airport shuttle, Free Wifi, Free parking, Family rooms",https://cf.bstatic.com/xdata/images/hotel/square60/19622971.jpg?k=4367e31106baa535e50de810e4311660b31253f17621969687c408f96d62c224&o=,60
11100413,Bormes les Mimosas,"T2 Mer 50m avec Clim, jardin et garage",https://www.booking.com/hotel/fr/les-rives-yourhosthelper.html?checkin=2025-12-11&checkout=2025-12-13&group_adults=2&no_rooms=1&group_children=,APARTMENT,7.2,5,,,,,,,,43.1223918,6.3582659,76.0,13.0,0.0,50.025,7.6,7.2,,7.3999999999999995,"Outdoor swimming pool, Free Wifi, Free parking, Private beach area, Outdoor swimming pool",https://cf.bstatic.com/xdata/images/hotel/square60/507411796.jpg?k=52c5ee54089476e3ac9a7dd6ff64175025371ca56b83a71c8486c9fd34dac3be&o=,61
12765562,Cassis,charmant T2 centre cassis avec parking,https://www.booking.com/hotel/fr/charmant-t2-centre-cassis-avec-parking.html?checkin=2025-12-11&checkout=2025-12-13&group_adults=2&no_rooms=1&group_children=&chal_t=1762886571338&force_referer=,APARTMENT,8.3,14,127.0,63.5,EUR,294.0,USD,2.0,2.0,43.2121229,5.5411663,73.67,14.3,0.34,57.023611,7.367,8.3,5.6499999999999995,7.3968,"Non-smoking rooms, Free Wifi, Free parking, Terrace, Garden",https://cf.bstatic.com/xdata/images/hotel/square60/595225549.jpg?k=6d746820f78df7983411d1d62550c1745f3740ec62cd12cd19a757380400d6c7&o=,62
8641532,Avignon,Les Précieuses Suites & Spa II,https://www.booking.com/hotel/fr/les-precieuses-suites-amp-spa-ii.html?checkin=2025-12-11&checkout=2025-12-13&group_adults=2&no_rooms=1&group_children=,APARTMENT,9.5,104,168.03,84.02,EUR,389.0,USD,2.0,2.0,43.9485731,4.8015496,71.83,12.9,0.0,52.477778,7.183,9.5,3.5980000000000008,7.392800000000001,"Non-smoking rooms, Spa, Free Wifi, Free parking, 24-hour front desk",https://cf.bstatic.com/xdata/images/hotel/square60/373982269.jpg?k=4cf2e2dd96d8fca7e863232bfaeb5c530e2d3f7866acce35b457edd5064ab428&o=,63
13436478,Marseille,Maison Galante au Vieux Port,https://www.booking.com/hotel/fr/maison-galante-au-vieux-port.html?checkin=2025-12-11&checkout=2025-12-13&group_adults=2&no_rooms=1&group_children=,APARTHOTEL,8.8,83,161.12,80.56,EUR,373.0,USD,2.0,2.0,43.293512,5.372234,76.17,15.1,0.15,60.756944,7.617,8.8,3.944,7.355600000000001,"Non-smoking rooms, Beachfront, Free Wifi, Parking, Terrace",https://cf.bstatic.com/xdata/images/hotel/square60/637569540.jpg?k=0a79ae38acf9e9cbf18faceae68edfba6ed5b026142f7987c708f8ed7f2f85bc&o=,64
7666352,Bormes les Mimosas,SELECT'soHOME - Résidence Le Poséidon - Piscine & Parking - Appartement pour 4 personnes - POS03,https://www.booking.com/hotel/fr/poseidon-2-pieces-32-m2-piscine-et-garage-prive.html?checkin=2025-12-11&checkout=2025-12-13&group_adults=2&no_rooms=1&group_children=&chal_t=1762887444942&force_referer=,APARTMENT,8.0,12,198.27,66.09,EUR,459.0,USD,2.0,3.0,43.12415,6.351192,76.0,13.0,0.0,50.025,7.6,8.0,5.390999999999999,7.3182,"Outdoor swimming pool, Non-smoking rooms, Free Wifi, Free parking, Outdoor swimming pool",https://cf.bstatic.com/xdata/images/hotel/square60/345436231.jpg?k=cce36cfa132e421c8146ab09519a36fd81038d2694e31959c90901b3fe5e9183&o=,65
2701998,Aix en Provence,Domaine de Saint Clair,https://www.booking.com/hotel/fr/domaine-de-saint-clair.html?checkin=2025-12-11&checkout=2025-12-13&group_adults=2&no_rooms=1&group_children=,BED_AND_BREAKFAST,9.6,187,242.33,121.17,EUR,561.0,USD,2.0,2.0,43.4991564242671,5.43205648570552,76.33,13.0,0.0,59.155556,7.633,9.6,0.0,6.8932,"Outdoor swimming pool, Non-smoking rooms, Free Wifi, Free parking, Terrace",https://cf.bstatic.com/xdata/images/hotel/max200/114058092.jpg?k=e92a1d420266772e87288bb038651fd9ec0b4ec93449d390267bc980c4687c0e&o=,66
5004408,Aix en Provence,Villa Saint-Ange,https://www.booking.com/hotel/fr/villa-saint-ange.html?checkin=2025-12-11&checkout=2025-12-13&group_adults=2&no_rooms=1&group_children=,HOTEL,9.3,370,324.84,162.42,EUR,752.0,USD,2.0,2.0,43.523068,5.457699,76.33,13.0,0.0,59.155556,7.633,9.3,0.0,6.773200000000001,"Outdoor swimming pool (temporarily closed), Non-smoking rooms, Spa, Airport shuttle, Fitness center",https://cf.bstatic.com/xdata/images/hotel/max200/579625086.jpg?k=86c519b590369cc34dc4a14257d91dbf1f4d28c883a9c711d3b5e9d4657fa241&o=,67
8686010,Bormes les Mimosas,Villa Les Alyzés,https://www.booking.com/hotel/fr/villa-les-alyzees.html?checkin=2025-12-11&checkout=2025-12-13&group_adults=2&no_rooms=1&group_children=&chal_t=1762886508908&force_referer=,VILLA,9.3,4,863.07,431.53,EUR,1998.0,USD,2.0,2.0,43.095047,6.35512,76.0,13.0,0.0,50.025,7.6,9.3,0.0,6.760000000000001,"Outdoor swimming pool, Non-smoking rooms, Free Wifi, Beachfront, Free parking",https://cf.bstatic.com/xdata/images/hotel/square60/370558653.jpg?k=d91d7e9ace9efedd756fdd0af100510e0eb2b53a09f88de24fb529a1ff336adc&o=,68
12588954,Marseille,Liberté et élégance au coeur de Marseille,https://www.booking.com/hotel/fr/liberte-elegance.html?checkin=2025-12-11&checkout=2025-12-13&group_adults=2&no_rooms=1&group_children=&chal_t=1762887343698&force_referer=,APARTMENT,9.0,42,241.04,120.52,EUR,558.0,USD,2.0,2.0,43.3011498,5.3825244,76.17,15.1,0.15,60.756944,7.617,9.0,0.0,6.646800000000001,"Non-smoking rooms, Free Wifi, Terrace, Heating, Non-smoking rooms",https://cf.bstatic.com/xdata/images/hotel/square60/586427725.jpg?k=83c993bda6cecbb2e1881c24cf04e7e2f25c17e2c644218d33dcd80ab62bd740&o=,69
4044650,Marseille,Les Bords De Mer,https://www.booking.com/hotel/fr/les-bords-de-mer.html?checkin=2025-12-11&checkout=2025-12-13&group_adults=2&no_rooms=1&group_children=,HOTEL,8.9,248,260.91,130.45,EUR,604.0,USD,2.0,2.0,43.28959,5.354999,76.17,15.1,0.15,60.756944,7.617,8.9,0.0,6.606800000000001,"2 swimming pools, Non-smoking rooms, Spa, Airport shuttle, Facilities for disabled guests",https://cf.bstatic.com/xdata/images/hotel/max200/560549712.jpg?k=ad93c90cc368fd52fcab5d533bf3937303ec39535eccd05c9e914ced9c92d407&o=,70
7647896,Bormes les Mimosas,"SELECT'SO HOME - Vacances au Poséidon - Duplex 6 personnes, parking privé, piscine, animaux admis - POS-B",https://www.booking.com/hotel/fr/poseidon-mazet-b-58-m2.html?checkin=2025-12-11&checkout=2025-12-13&group_adults=2&no_rooms=1&group_children=&chal_t=1762887554144&force_referer=,APARTMENT,8.4,7,241.04,120.52,EUR,558.0,USD,2.0,2.0,43.12415,6.351192,76.0,13.0,0.0,50.025,7.6,8.4,0.0,6.4,"Outdoor swimming pool, Non-smoking rooms, Free Wifi, Free parking, Outdoor swimming pool",https://cf.bstatic.com/xdata/images/hotel/square60/763108634.jpg?k=24dad378c544376f949c6d6baf63a32142d4793b3740fc4ddda8de7cd211760f&o=,71
9217486,Avignon,Le Vieux Sextier - AC Clim - Lumineux - WIFI - Hypercentre,https://www.booking.com/hotel/fr/le-vieux-sextier-lumineux-wifi-hyper-centre.html?checkin=2025-12-11&checkout=2025-12-13&group_adults=2&no_rooms=1&group_children=&chal_t=1762887757227&force_referer=,APARTMENT,8.4,24,317.93,158.96,EUR,736.0,USD,2.0,2.0,43.9481906,4.808427,71.83,12.9,0.0,52.477778,7.183,8.4,0.0,6.2332,"Non-smoking rooms, Free Wifi, Family rooms, Non-smoking rooms, Free Wifi",https://cf.bstatic.com/xdata/images/hotel/square60/411460450.jpg?k=8fd405b8db7b5d904c6bf887c7c2d5f0abb693d554a7184a84f69a6cb98a6d22&o=,72
7688195,Bormes les Mimosas,SELECT'SO HOME - Résidence Le Poséidon - Mazet en Duplex - Prestations de qualité & Services Hôteliers - POS-E,https://www.booking.com/hotel/fr/poseidon-mazet-e-58-m2-en-duplex-piscine-et-garage.html?checkin=2025-12-11&checkout=2025-12-13&group_adults=2&no_rooms=1&group_children=&chal_t=1762886631293&force_referer=,APARTMENT,,0,241.04,120.52,EUR,558.0,USD,2.0,2.0,43.12415,6.351192,76.0,13.0,0.0,50.025,7.6,,0.0,,"Outdoor swimming pool, Non-smoking rooms, Free Wifi, Free parking, Outdoor swimming pool",https://cf.bstatic.com/xdata/images/hotel/square60/769101629.jpg?k=39790dcd2d97a78b579340ca6ef1d360f2a149f47dd770cdc0107548cfd4f3f2&o=,
15248499,Cassis,Villa Prestige Cassis,https://www.booking.com/hotel/fr/villa-prestige-cassis.html?checkin=2025-12-11&checkout=2025-12-13&group_adults=2&no_rooms=1&group_children=&chal_t=1762886372301&force_referer=,VILLA,,0,827.21,413.61,EUR,1915.0,USD,2.0,2.0,43.2158779,5.5507099,73.67,14.3,0.34,57.023611,7.367,,0.0,,"Outdoor swimming pool, Non-smoking rooms, Free Wifi, Free parking, Family rooms",https://cf.bstatic.com/xdata/images/hotel/square60/774924835.jpg?k=5f2f63e5be43cd07736331f6e4a54fb35e67cfa75c30c419e4c951ce1ea15de8&o=,
